Workbook

Sheet Tổng hợp
A1: province | B1: year | C1: area | D1: population | E1: density | F1: work_population | G1: retail | H1: income
A2: Cao Bằng | B2: 2025 | C2: =SUMIFS('Dân số và diện tích từng tỉnh'!C:C, 'Dân số và diện tích từng tỉnh'!F:F, A2, 'Dân số và diện tích từng tỉnh'!B:B, B2) -> 6700.39 | D2: =SUMIFS('Dân số và diện tích từng tỉnh'!D:D, 'Dân số và diện tích từng tỉnh'!F:F, A2, 'Dân số và diện tích từng tỉnh'!B:B, B2) -> 562.93 | E2: =ROUND((D2 * 1000) / C2,2) -> 84.01 | F2: =SUMIF('Lao động theo từng tỉnh'!C:C, A2, 'Lao động theo từng tỉnh'!D:D) -> 234.64 | G2: =SUMIF('Tổng mức bán lẻ và doanh thu'!D:D, A2, 'Tổng mức bán lẻ và doanh thu'!C:C) -> 11094.7 | H2: =ROUND(SUMIF('Thu nhập bình quân'!C:C, A2, 'Thu nhập bình quân'!F:F) / D2,2) -> 3144.87
A3: Điện Biên | B3: 2025 | C3: =SUMIFS('Dân số và diện tích từng tỉnh'!C:C, 'Dân số và diện tích từng tỉnh'!F:F, A3, 'Dân số và diện tích từng tỉnh'!B:B, B3) -> 9539.93 | D3: =SUMIFS('Dân số và diện tích từng tỉnh'!D:D, 'Dân số và diện tích từng tỉnh'!F:F, A3, 'Dân số và diện tích từng tỉnh'!B:B, B3) -> 667.42 | E3: =ROUND((D3 * 1000) / C3,2) -> 69.96 | F3: =SUMIF('Lao động theo từng tỉnh'!C:C, A3, 'Lao động theo từng tỉnh'!D:D) -> 352.01 | G3: =SUMIF('Tổng mức bán lẻ và doanh thu'!D:D, A3, 'Tổng mức bán lẻ và doanh thu'!C:C) -> 24313.9 | H3: =ROUND(SUMIF('Thu nhập bình quân'!C:C, A3, 'Thu nhập bình quân'!F:F) / D3,2) -> 3721.87
A4: Lai Châu | B4: 2025 | C4: =SUMIFS('Dân số và diện tích từng tỉnh'!C:C, 'Dân số và diện tích từng tỉnh'!F:F, A4, 'Dân số và diện tích từng tỉnh'!B:B, B4) -> 9068.73 | D4: =SUMIFS('Dân số và diện tích từng tỉnh'!D:D, 'Dân số và diện tích từng tỉnh'!F:F, A4, 'Dân số và diện tích từng tỉnh'!B:B, B4) -> 501.16 | E4: =ROUND((D4 * 1000) / C4,2) -> 55.26 | F4: =SUMIF('Lao động theo từng tỉnh'!C:C, A4, 'Lao động theo từng tỉnh'!D:D) -> 236.84 | G4: =SUMIF('Tổng mức bán lẻ và doanh thu'!D:D, A4, 'Tổng mức bán lẻ và doanh thu'!C:C) -> 8939.4 | H4: =ROUND(SUMIF('Thu nhập bình quân'!C:C, A4, 'Thu nhập bình quân'!F:F) / D4,2) -> 4099.67
A5: Sơn La | B5: 2025 | C5: =SUMIFS('Dân số và diện tích từng tỉnh'!C:C, 'Dân số và diện tích từng tỉnh'!F:F, A5, 'Dân số và diện tích từng tỉnh'!B:B, B5) -> 14108.89 | D5: =SUMIFS('Dân số và diện tích từng tỉnh'!D:D, 'Dân số và diện tích từng tỉnh'!F:F, A5, 'Dân số và diện tích từng tỉnh'!B:B, B5) -> 1341.22 | E5: =ROUND((D5 * 1000) / C5,2) -> 95.06 | F5: =SUMIF('Lao động theo từng tỉnh'!C:C, A5, 'Lao động theo từng tỉnh'!D:D) -> 625.17 | G5: =SUMIF('Tổng mức bán lẻ và doanh thu'!D:D, A5, 'Tổng mức bán lẻ và doanh thu'!C:C) -> 37602.4 | H5: =ROUND(SUMIF('Thu nhập bình quân'!C:C, A5, 'Thu nhập bình quân'!F:F) / D5,2) -> 4747.64
A6: Tuyên Quang | B6: 2025 | C6: =SUMIFS('Dân số và diện tích từng tỉnh'!C:C, 'Dân số và diện tích từng tỉnh'!F:F, A6, 'Dân số và diện tích từng tỉnh'!B:B, B6) -> 13795.5 | D6: =SUMIFS('Dân số và diện tích từng tỉnh'!D:D, 'Dân số và diện tích từng tỉnh'!F:F, A6, 'Dân số và diện tích từng tỉnh'!B:B, B6) -> 1748.25 | E6: =ROUND((D6 * 1000) / C6,2) -> 126.73 | F6: =SUMIF('Lao động theo từng tỉnh'!C:C, A6, 'Lao động theo từng tỉnh'!D:D) -> 768.47 | G6: =SUMIF('Tổng mức bán lẻ và doanh thu'!D:D, A6, 'Tổng mức bán lẻ và doanh thu'!C:C) -> 53647.3 | H6: =ROUND(SUMIF('Thu nhập bình quân'!C:C, A6, 'Thu nhập bình quân'!F:F) / D6,2) -> 5522.2
A7: Gia Lai | B7: 2025 | C7: =SUMIFS('Dân số và diện tích từng tỉnh'!C:C, 'Dân số và diện tích từng tỉnh'!F:F, A7, 'Dân số và diện tích từng tỉnh'!B:B, B7) -> 21576.53 | D7: =SUMIFS('Dân số và diện tích từng tỉnh'!D:D, 'Dân số và diện tích từng tỉnh'!F:F, A7, 'Dân số và diện tích từng tỉnh'!B:B, B7) -> 3182.65 | E7: =ROUND((D7 * 1000) / C7,2) -> 147.51 | F7: =SUMIF('Lao động theo từng tỉnh'!C:C, A7, 'Lao động theo từng tỉnh'!D:D) -> 1830.85 | G7: =SUMIF('Tổng mức bán lẻ và doanh thu'!D:D, A7, 'Tổng mức bán lẻ và doanh thu'!C:C) -> 190554.3 | H7: =ROUND(SUMIF('Thu nhập bình quân'!C:C, A7, 'Thu nhập bình quân'!F:F) / D7,2) -> 6097.12
A8: Lạng Sơn | B8: 2025 | C8: =SUMIFS('Dân số và diện tích từng tỉnh'!C:C, 'Dân số và diện tích từng tỉnh'!F:F, A8, 'Dân số và diện tích từng tỉnh'!B:B, B8) -> 8310.18 | D8: =SUMIFS('Dân số và diện tích từng tỉnh'!D:D, 'Dân số và diện tích từng tỉnh'!F:F, A8, 'Dân số và diện tích từng tỉnh'!B:B, B8) -> 820.63 | E8: =ROUND((D8 * 1000) / C8,2) -> 98.75 | F8: =SUMIF('Lao động theo từng tỉnh'!C:C, A8, 'Lao động theo từng tỉnh'!D:D) -> 336.52 | G8: =SUMIF('Tổng mức bán lẻ và doanh thu'!D:D, A8, 'Tổng mức bán lẻ và doanh thu'!C:C) -> 41209 | H8: =ROUND(SUMIF('Thu nhập bình quân'!C:C, A8, 'Thu nhập bình quân'!F:F) / D8,2) -> 6497.12
A9: Lào Cai | B9: 2025 | C9: =SUMIFS('Dân số và diện tích từng tỉnh'!C:C, 'Dân số và diện tích từng tỉnh'!F:F, A9, 'Dân số và diện tích từng tỉnh'!B:B, B9) -> 13256.92 | D9: =SUMIFS('Dân số và diện tích từng tỉnh'!D:D, 'Dân số và diện tích từng tỉnh'!F:F, A9, 'Dân số và diện tích từng tỉnh'!B:B, B9) -> 1675.67 | E9: =ROUND((D9 * 1000) / C9,2) -> 126.4 | F9: =SUMIF('Lao động theo từng tỉnh'!C:C, A9, 'Lao động theo từng tỉnh'!D:D) -> 786.13 | G9: =SUMIF('Tổng mức bán lẻ và doanh thu'!D:D, A9, 'Tổng mức bán lẻ và doanh thu'!C:C) -> 59587.8 | H9: =ROUND(SUMIF('Thu nhập bình quân'!C:C, A9, 'Thu nhập bình quân'!F:F) / D9,2) -> 6560.27
A10: Vĩnh Long | B10: 2025 | C10: =SUMIFS('Dân số và diện tích từng tỉnh'!C:C, 'Dân số và diện tích từng tỉnh'!F:F, A10, 'Dân số và diện tích từng tỉnh'!B:B, B10) -> 6296.2 | D10: =SUMIFS('Dân số và diện tích từng tỉnh'!D:D, 'Dân số và diện tích từng tỉnh'!F:F, A10, 'Dân số và diện tích từng tỉnh'!B:B, B10) -> 3379.61 | E10: =ROUND((D10 * 1000) / C10,2) -> 536.77 | F10: =SUMIF('Lao động theo từng tỉnh'!C:C, A10, 'Lao động theo từng tỉnh'!D:D) -> 1940.34 | G10: =SUMIF('Tổng mức bán lẻ và doanh thu'!D:D, A10, 'Tổng mức bán lẻ và doanh thu'!C:C) -> 187669.9 | H10: =ROUND(SUMIF('Thu nhập bình quân'!C:C, A10, 'Thu nhập bình quân'!F:F) / D10,2) -> 6577.61
A11: Quảng Trị | B11: 2025 | C11: =SUMIFS('Dân số và diện tích từng tỉnh'!C:C, 'Dân số và diện tích từng tỉnh'!F:F, A11, 'Dân số và diện tích từng tỉnh'!B:B, B11) -> 12699.99 | D11: =SUMIFS('Dân số và diện tích từng tỉnh'!D:D, 'Dân số và diện tích từng tỉnh'!F:F, A11, 'Dân số và diện tích từng tỉnh'!B:B, B11) -> 1594.13 | E11: =ROUND((D11 * 1000) / C11,2) -> 125.52 | F11: =SUMIF('Lao động theo từng tỉnh'!C:C, A11, 'Lao động theo từng tỉnh'!D:D) -> 773.99 | G11: =SUMIF('Tổng mức bán lẻ và doanh thu'!D:D, A11, 'Tổng mức bán lẻ và doanh thu'!C:C) -> 86261.5 | H11: =ROUND(SUMIF('Thu nhập bình quân'!C:C, A11, 'Thu nhập bình quân'!F:F) / D11,2) -> 6685.97
A12: Quảng Ngãi | B12: 2025 | C12: =SUMIFS('Dân số và diện tích từng tỉnh'!C:C, 'Dân số và diện tích từng tỉnh'!F:F, A12, 'Dân số và diện tích từng tỉnh'!B:B, B12) -> 14832.55 | D12: =SUMIFS('Dân số và diện tích từng tỉnh'!D:D, 'Dân số và diện tích từng tỉnh'!F:F, A12, 'Dân số và diện tích từng tỉnh'!B:B, B12) -> 1881.24 | E12: =ROUND((D12 * 1000) / C12,2) -> 126.83 | F12: =SUMIF('Lao động theo từng tỉnh'!C:C, A12, 'Lao động theo từng tỉnh'!D:D) -> 1048.37 | G12: =SUMIF('Tổng mức bán lẻ và doanh thu'!D:D, A12, 'Tổng mức bán lẻ và doanh thu'!C:C) -> 111410.4 | H12: =ROUND(SUMIF('Thu nhập bình quân'!C:C, A12, 'Thu nhập bình quân'!F:F) / D12,2) -> 6863.94
A13: Lâm Đồng | B13: 2025 | C13: =SUMIFS('Dân số và diện tích từng tỉnh'!C:C, 'Dân số và diện tích từng tỉnh'!F:F, A13, 'Dân số và diện tích từng tỉnh'!B:B, B13) -> 24233.07 | D13: =SUMIFS('Dân số và diện tích từng tỉnh'!D:D, 'Dân số và diện tích từng tỉnh'!F:F, A13, 'Dân số và diện tích từng tỉnh'!B:B, B13) -> 3356.38 | E13: =ROUND((D13 * 1000) / C13,2) -> 138.5 | F13: =SUMIF('Lao động theo từng tỉnh'!C:C, A13, 'Lao động theo từng tỉnh'!D:D) -> 1912.97 | G13: =SUMIF('Tổng mức bán lẻ và doanh thu'!D:D, A13, 'Tổng mức bán lẻ và doanh thu'!C:C) -> 210981.2 | H13: =ROUND(SUMIF('Thu nhập bình quân'!C:C, A13, 'Thu nhập bình quân'!F:F) / D13,2) -> 6982.9
... A35: TP. Hà Nội | B35: 2025 | C35: =SUMIFS('Dân số và diện tích từng tỉnh'!C:C, 'Dân số và diện tích từng tỉnh'!F:F, A35, 'Dân số và diện tích từng tỉnh'!B:B, B35) -> 3359.84 | D35: =SUMIFS('Dân số và diện tích từng tỉnh'!D:D, 'Dân số và diện tích từng tỉnh'!F:F, A35, 'Dân số và diện tích từng tỉnh'!B:B, B35) -> 8857.53 | E35: =ROUND((D35 * 1000) / C35,2) -> 2636.3 | F35: =SUMIF('Lao động theo từng tỉnh'!C:C, A35, 'Lao động theo từng tỉnh'!D:D) -> 4259.15 | G35: =SUMIF('Tổng mức bán lẻ và doanh thu'!D:D, A35, 'Tổng mức bán lẻ và doanh thu'!C:C) -> 780610.2 | H35: =ROUND(SUMIF('Thu nhập bình quân'!C:C, A35, 'Thu nhập bình quân'!F:F) / D35,2) -> 12133.15

Sheet Sát nhập tỉnh
A1: province_before | B1: province_after
A2: Bình Dương, TPHCM, Bà Rịa - Vũng Tàu, TP.Hồ Chí Minh, TP .Hồ Chí Minh | B2: TP. Hồ Chí Minh
A3: TP. Hà Nội | B3: TP. Hà Nội
A4: Kiên Giang, An Giang | B4: An Giang
A5: Hải Dương, TP. Hải Phòng | B5: TP. Hải Phòng
A6: Bình Phước, Đồng Nai | B6: Đồng Nai
A7: Hà Nam, Ninh Bình, Nam Định | B7: Ninh Bình
A8: Tiền Giang, Đồng Tháp | B8: Đồng Tháp
A9: Thanh Hóa | B9: Thanh Hóa
A10: Bến Tre, Vĩnh Long, Trà Vinh | B10: Vĩnh Long
A11: Sóc Trăng, Hậu Giang, TP. Cần Thơ | B11: TP. Cần Thơ
A12: Hòa Bình, Vĩnh Phúc, Phú Thọ | B12: Phú Thọ
... A35: Lai Châu | B35: Lai Châu

Sheet Dân số và diện tích từng tỉnh
A1: province_before | B1: year | C1: area | D1: population | E1: density | F1: province_after
A2: An Giang | B2: 2025 | C2: 3536.83 | D2: 1914.49 | E2: 541 | F2: =VLOOKUP("*"&TRIM(A2)&"*", 'Sát nhập tỉnh'!A:B, 2, 0) -> An Giang
A3: Bà Rịa - Vũng Tàu | B3: 2025 | C3: 1982.56 | D3: 1202.64 | E3: 607 | F3: =VLOOKUP("*"&TRIM(A3)&"*", 'Sát nhập tỉnh'!A:B, 2, 0) -> TP. Hồ Chí Minh
A4: Bắc Giang | B4: 2025 | C4: 3895.89 | D4: 1997.92 | E4: 513 | F4: =VLOOKUP("*"&TRIM(A4)&"*", 'Sát nhập tỉnh'!A:B, 2, 0) -> Bắc Ninh
A5: Bắc Kạn | B5: 2025 | C5: 4853.25 | D5: 331.5 | E5: 68 | F5: =VLOOKUP("*"&TRIM(A5)&"*", 'Sát nhập tỉnh'!A:B, 2, 0) -> Thái Nguyên
A6: Bạc Liêu | B6: 2025 | C6: 2667.88 | D6: 932.41 | E6: 349 | F6: =VLOOKUP("*"&TRIM(A6)&"*", 'Sát nhập tỉnh'!A:B, 2, 0) -> Cà Mau
A7: Bắc Ninh | B7: 2025 | C7: 822.71 | D7: 1574.43 | E7: 1914 | F7: =VLOOKUP("*"&TRIM(A7)&"*", 'Sát nhập tỉnh'!A:B, 2, 0) -> Bắc Ninh
A8: Bến Tre | B8: 2025 | C8: 2379.7 | D8: 1310.19 | E8: 551 | F8: =VLOOKUP("*"&TRIM(A8)&"*", 'Sát nhập tỉnh'!A:B, 2, 0) -> Vĩnh Long
A9: Bình Định | B9: 2025 | C9: 6066.4 | D9: 1527.77 | E9: 252 | F9: =VLOOKUP("*"&TRIM(A9)&"*", 'Sát nhập tỉnh'!A:B, 2, 0) -> Gia Lai
A10: Bình Dương | B10: 2025 | C10: 2694.64 | D10: 2910.32 | E10: 1080 | F10: =VLOOKUP("*"&TRIM(A10)&"*", 'Sát nhập tỉnh'!A:B, 2, 0) -> TP. Hồ Chí Minh
A11: Bình Phước | B11: 2025 | C11: 6873.56 | D11: 1077.73 | E11: 157 | F11: =VLOOKUP("*"&TRIM(A11)&"*", 'Sát nhập tỉnh'!A:B, 2, 0) -> Đồng Nai
A12: Bình Thuận | B12: 2025 | C12: 7942.6 | D12: 1274.31 | E12: 160 | F12: =VLOOKUP("*"&TRIM(A12)&"*", 'Sát nhập tỉnh'!A:B, 2, 0) -> Lâm Đồng
A13: Cà Mau | B13: 2025 | C13: 5274.51 | D13: 1218.03 | E13: 231 | F13: =VLOOKUP("*"&TRIM(A13)&"*", 'Sát nhập tỉnh'!A:B, 2, 0) -> Cà Mau
... A64: Yên Bái | B64: 2025 | C64: 6892.67 | D64: 874.19 | E64: 127 | F64: =VLOOKUP("*"&TRIM(A64)&"*", 'Sát nhập tỉnh'!A:B, 2, 0) -> Lào Cai

Sheet Thu nhập bình quân
A1: province_before | B1: income_raw | C1: province_after | D1: income | E1: population | F1: total_income
A2: Cao Bằng | B2: 314487 | C2: =VLOOKUP("*"&TRIM(A2)&"*", 'Sát nhập tỉnh'!A:B, 2, 0) -> Cao Bằng | D2: =B2/100 -> 3144.87 | E2: =VLOOKUP(A2, 'Dân số và diện tích từng tỉnh'!A:D, 4, 0) -> 562.93 | F2: =D2*E2 -> 1770341.7
A3: Điện Biên | B3: 372187 | C3: =VLOOKUP("*"&TRIM(A3)&"*", 'Sát nhập tỉnh'!A:B, 2, 0) -> Điện Biên | D3: =B3/100 -> 3721.87 | E3: =VLOOKUP(A3, 'Dân số và diện tích từng tỉnh'!A:D, 4, 0) -> 667.42 | F3: =D3*E3 -> 2484050.5
A4: Lai Châu | B4: 409967 | C4: =VLOOKUP("*"&TRIM(A4)&"*", 'Sát nhập tỉnh'!A:B, 2, 0) -> Lai Châu | D4: =B4/100 -> 4099.67 | E4: =VLOOKUP(A4, 'Dân số và diện tích từng tỉnh'!A:D, 4, 0) -> 501.16 | F4: =D4*E4 -> 2054590.6
A5: Sơn La | B5: 474764 | C5: =VLOOKUP("*"&TRIM(A5)&"*", 'Sát nhập tỉnh'!A:B, 2, 0) -> Sơn La | D5: =B5/100 -> 4747.64 | E5: =VLOOKUP(A5, 'Dân số và diện tích từng tỉnh'!A:D, 4, 0) -> 1341.22 | F5: =D5*E5 -> 6367629.7
A6: Gia Lai | B6: 519573 | C6: =VLOOKUP("*"&TRIM(A6)&"*", 'Sát nhập tỉnh'!A:B, 2, 0) -> Gia Lai | D6: =B6/100 -> 5195.73 | E6: =VLOOKUP(A6, 'Dân số và diện tích từng tỉnh'!A:D, 4, 0) -> 1654.88 | F6: =D6*E6 -> 8598309.7
A7: Hà Giang | B7: 530157 | C7: =VLOOKUP("*"&TRIM(A7)&"*", 'Sát nhập tỉnh'!A:B, 2, 0) -> Tuyên Quang | D7: =B7/100 -> 5301.57 | E7: =VLOOKUP(A7, 'Dân số và diện tích từng tỉnh'!A:D, 4, 0) -> 921.38 | F7: =D7*E7 -> 4884760.6
A8: Tuyên Quang | B8: 576805 | C8: =VLOOKUP("*"&TRIM(A8)&"*", 'Sát nhập tỉnh'!A:B, 2, 0) -> Tuyên Quang | D8: =B8/100 -> 5768.05 | E8: =VLOOKUP(A8, 'Dân số và diện tích từng tỉnh'!A:D, 4, 0) -> 826.87 | F8: =D8*E8 -> 4769427.5
A9: Đắk Nông | B9: 591133 | C9: =VLOOKUP("*"&TRIM(A9)&"*", 'Sát nhập tỉnh'!A:B, 2, 0) -> Lâm Đồng | D9: =B9/100 -> 5911.33 | E9: =VLOOKUP(A9, 'Dân số và diện tích từng tỉnh'!A:D, 4, 0) -> 704.69 | F9: =D9*E9 -> 4165655.1
A10: Quảng Trị | B10: 608516 | C10: =VLOOKUP("*"&TRIM(A10)&"*", 'Sát nhập tỉnh'!A:B, 2, 0) -> Quảng Trị | D10: =B10/100 -> 6085.16 | E10: =VLOOKUP(A10, 'Dân số và diện tích từng tỉnh'!A:D, 4, 0) -> 662.21 | F10: =D10*E10 -> 4029653.8
A11: Bến Tre | B11: 630000 | C11: =VLOOKUP("*"&TRIM(A11)&"*", 'Sát nhập tỉnh'!A:B, 2, 0) -> Vĩnh Long | D11: =B11/100 -> 6300 | E11: =VLOOKUP(A11, 'Dân số và diện tích từng tỉnh'!A:D, 4, 0) -> 1310.19 | F11: =D11*E11 -> 8254197
A12: Lào Cai | B12: 643302 | C12: =VLOOKUP("*"&TRIM(A12)&"*", 'Sát nhập tỉnh'!A:B, 2, 0) -> Lào Cai | D12: =B12/100 -> 6433.02 | E12: =VLOOKUP(A12, 'Dân số và diện tích từng tỉnh'!A:D, 4, 0) -> 801.48 | F12: =D12*E12 -> 5155936.9
A13: Lạng Sơn | B13: 649712 | C13: =VLOOKUP("*"&TRIM(A13)&"*", 'Sát nhập tỉnh'!A:B, 2, 0) -> Lạng Sơn | D13: =B13/100 -> 6497.12 | E13: =VLOOKUP(A13, 'Dân số và diện tích từng tỉnh'!A:D, 4, 0) -> 820.63 | F13: =D13*E13 -> 5331731.6
... A64: Hà Nội | B64: 1213315 | C64: =VLOOKUP("*"&TRIM(A64)&"*", 'Sát nhập tỉnh'!A:B, 2, 0) -> TP. Hà Nội | D64: =B64/100 -> 12133.15 | E64: =VLOOKUP(A64, 'Dân số và diện tích từng tỉnh'!A:D, 4, 0) -> 8857.53 | F64: =D64*E64 -> 1.0746974e+08

Sheet Tổng mức bán lẻ và doanh thu
A1: province_before | B1: retail_raw | C1: retail | D1: province_after
A2: Bắc Kạn | B2: 89229 | C2: =B2/10 -> 8922.9 | D2: =VLOOKUP("*"&TRIM(A2)&"*", 'Sát nhập tỉnh'!A:B, 2, 0) -> Thái Nguyên
A3: Lai Châu | B3: 89394 | C3: =B3/10 -> 8939.4 | D3: =VLOOKUP("*"&TRIM(A3)&"*", 'Sát nhập tỉnh'!A:B, 2, 0) -> Lai Châu
A4: Cao Bằng | B4: 110947 | C4: =B4/10 -> 11094.7 | D4: =VLOOKUP("*"&TRIM(A4)&"*", 'Sát nhập tỉnh'!A:B, 2, 0) -> Cao Bằng
A5: Hà Giang | B5: 185931 | C5: =B5/10 -> 18593.1 | D5: =VLOOKUP("*"&TRIM(A5)&"*", 'Sát nhập tỉnh'!A:B, 2, 0) -> Tuyên Quang
A6: Hòa Bình | B6: 211157 | C6: =B6/10 -> 21115.7 | D6: =VLOOKUP("*"&TRIM(A6)&"*", 'Sát nhập tỉnh'!A:B, 2, 0) -> Phú Thọ
A7: Điện Biên | B7: 243139 | C7: =B7/10 -> 24313.9 | D7: =VLOOKUP("*"&TRIM(A7)&"*", 'Sát nhập tỉnh'!A:B, 2, 0) -> Điện Biên
A8: Đắk Nông | B8: 250173 | C8: =B8/10 -> 25017.3 | D8: =VLOOKUP("*"&TRIM(A8)&"*", 'Sát nhập tỉnh'!A:B, 2, 0) -> Lâm Đồng
A9: Yên Bái | B9: 289996 | C9: =B9/10 -> 28999.6 | D9: =VLOOKUP("*"&TRIM(A9)&"*", 'Sát nhập tỉnh'!A:B, 2, 0) -> Lào Cai
A10: Lào Cai | B10: 305882 | C10: =B10/10 -> 30588.2 | D10: =VLOOKUP("*"&TRIM(A10)&"*", 'Sát nhập tỉnh'!A:B, 2, 0) -> Lào Cai
A11: Ninh Thuận | B11: 342325 | C11: =B11/10 -> 34232.5 | D11: =VLOOKUP("*"&TRIM(A11)&"*", 'Sát nhập tỉnh'!A:B, 2, 0) -> Khánh Hoà
A12: Kon Tum | B12: 347953 | C12: =B12/10 -> 34795.3 | D12: =VLOOKUP("*"&TRIM(A12)&"*", 'Sát nhập tỉnh'!A:B, 2, 0) -> Quảng Ngãi
A13: Tuyên Quang | B13: 350542 | C13: =B13/10 -> 35054.2 | D13: =VLOOKUP("*"&TRIM(A13)&"*", 'Sát nhập tỉnh'!A:B, 2, 0) -> Tuyên Quang
... A64: TP.Hồ Chí Minh | B64: 11961294 | C64: =B64/10 -> 1196129.4 | D64: =VLOOKUP("*"&TRIM(A64)&"*", 'Sát nhập tỉnh'!A:B, 2, 0) -> TP. Hồ Chí Minh

Sheet Lao động theo từng tỉnh
A1: province_before | B1: work_population_raw | C1: province_after | D1: work_population
A2: Bắc Kạn | B2: 158.85 | C2: =VLOOKUP("*"&TRIM(A2)&"*", 'Sát nhập tỉnh'!A:B, 2, 0) -> Thái Nguyên | D2: =IF(LEN(B2)-LEN(SUBSTITUTE(B2, ".", "")) > 1, VALUE(SUBSTITUTE(B2, ".", "", 1)), VALUE(B2)) -> 158.85
A3: Cao Bằng | B3: 234.64 | C3: =VLOOKUP("*"&TRIM(A3)&"*", 'Sát nhập tỉnh'!A:B, 2, 0) -> Cao Bằng | D3: =IF(LEN(B3)-LEN(SUBSTITUTE(B3, ".", "")) > 1, VALUE(SUBSTITUTE(B3, ".", "", 1)), VALUE(B3)) -> 234.64
A4: Lai Châu | B4: 236.84 | C4: =VLOOKUP("*"&TRIM(A4)&"*", 'Sát nhập tỉnh'!A:B, 2, 0) -> Lai Châu | D4: =IF(LEN(B4)-LEN(SUBSTITUTE(B4, ".", "")) > 1, VALUE(SUBSTITUTE(B4, ".", "", 1)), VALUE(B4)) -> 236.84
A5: Lạng Sơn | B5: 336.52 | C5: =VLOOKUP("*"&TRIM(A5)&"*", 'Sát nhập tỉnh'!A:B, 2, 0) -> Lạng Sơn | D5: =IF(LEN(B5)-LEN(SUBSTITUTE(B5, ".", "")) > 1, VALUE(SUBSTITUTE(B5, ".", "", 1)), VALUE(B5)) -> 336.52
A6: Quảng Trị | B6: 337.24 | C6: =VLOOKUP("*"&TRIM(A6)&"*", 'Sát nhập tỉnh'!A:B, 2, 0) -> Quảng Trị | D6: =IF(LEN(B6)-LEN(SUBSTITUTE(B6, ".", "")) > 1, VALUE(SUBSTITUTE(B6, ".", "", 1)), VALUE(B6)) -> 337.24
A7: Ninh Thuận | B7: 338.52 | C7: =VLOOKUP("*"&TRIM(A7)&"*", 'Sát nhập tỉnh'!A:B, 2, 0) -> Khánh Hoà | D7: =IF(LEN(B7)-LEN(SUBSTITUTE(B7, ".", "")) > 1, VALUE(SUBSTITUTE(B7, ".", "", 1)), VALUE(B7)) -> 338.52
A8: Điện Biên | B8: 352.01 | C8: =VLOOKUP("*"&TRIM(A8)&"*", 'Sát nhập tỉnh'!A:B, 2, 0) -> Điện Biên | D8: =IF(LEN(B8)-LEN(SUBSTITUTE(B8, ".", "")) > 1, VALUE(SUBSTITUTE(B8, ".", "", 1)), VALUE(B8)) -> 352.01
A9: Kon Tum | B9: 360.29 | C9: =VLOOKUP("*"&TRIM(A9)&"*", 'Sát nhập tỉnh'!A:B, 2, 0) -> Quảng Ngãi | D9: =IF(LEN(B9)-LEN(SUBSTITUTE(B9, ".", "")) > 1, VALUE(SUBSTITUTE(B9, ".", "", 1)), VALUE(B9)) -> 360.29
A10: Hà Giang | B10: 381.74 | C10: =VLOOKUP("*"&TRIM(A10)&"*", 'Sát nhập tỉnh'!A:B, 2, 0) -> Tuyên Quang | D10: =IF(LEN(B10)-LEN(SUBSTITUTE(B10, ".", "")) > 1, VALUE(SUBSTITUTE(B10, ".", "", 1)), VALUE(B10)) -> 381.74
A11: Yên Bái | B11: 382.08 | C11: =VLOOKUP("*"&TRIM(A11)&"*", 'Sát nhập tỉnh'!A:B, 2, 0) -> Lào Cai | D11: =IF(LEN(B11)-LEN(SUBSTITUTE(B11, ".", "")) > 1, VALUE(SUBSTITUTE(B11, ".", "", 1)), VALUE(B11)) -> 382.08
A12: Tuyên Quang | B12: 386.73 | C12: =VLOOKUP("*"&TRIM(A12)&"*", 'Sát nhập tỉnh'!A:B, 2, 0) -> Tuyên Quang | D12: =IF(LEN(B12)-LEN(SUBSTITUTE(B12, ".", "")) > 1, VALUE(SUBSTITUTE(B12, ".", "", 1)), VALUE(B12)) -> 386.73
A13: Đắk Nông | B13: 402 | C13: =VLOOKUP("*"&TRIM(A13)&"*", 'Sát nhập tỉnh'!A:B, 2, 0) -> Lâm Đồng | D13: =IF(LEN(B13)-LEN(SUBSTITUTE(B13, ".", "")) > 1, VALUE(SUBSTITUTE(B13, ".", "", 1)), VALUE(B13)) -> 402
... A52: Gia Lai | B52: 973.27 | C52: =VLOOKUP("*"&TRIM(A52)&"*", 'Sát nhập tỉnh'!A:B, 2, 0) -> Gia Lai | D52: =IF(LEN(B52)-LEN(SUBSTITUTE(B52, ".", "")) > 1, VALUE(SUBSTITUTE(B52, ".", "", 1)), VALUE(B52)) -> 973.27
A53: Thái Bình | B53: 1.001.09 | C53: =VLOOKUP("*"&TRIM(A53)&"*", 'Sát nhập tỉnh'!A:B, 2, 0) -> Hưng Yên | D53: =IF(LEN(B53)-LEN(SUBSTITUTE(B53, ".", "")) > 1, VALUE(SUBSTITUTE(B53, ".", "", 1)), VALUE(B53)) -> 1001.09
A54: Long An | B54: 1.028.01 | C54: =VLOOKUP("*"&TRIM(A54)&"*", 'Sát nhập tỉnh'!A:B, 2, 0) -> Tây Ninh | D54: =IF(LEN(B54)-LEN(SUBSTITUTE(B54, ".", "")) > 1, VALUE(SUBSTITUTE(B54, ".", "", 1)), VALUE(B54)) -> 1028.01
A55: Bắc Giang | B55: 1.041.19 | C55: =VLOOKUP("*"&TRIM(A55)&"*", 'Sát nhập tỉnh'!A:B, 2, 0) -> Bắc Ninh | D55: =IF(LEN(B55)-LEN(SUBSTITUTE(B55, ".", "")) > 1, VALUE(SUBSTITUTE(B55, ".", "", 1)), VALUE(B55)) -> 1041.19
A56: Hải Phòng | B56: 1.062.24 | C56: =VLOOKUP("*"&TRIM(A56)&"*", 'Sát nhập tỉnh'!A:B, 2, 0) -> TP. Hải Phòng | D56: =IF(LEN(B56)-LEN(SUBSTITUTE(B56, ".", "")) > 1, VALUE(SUBSTITUTE(B56, ".", "", 1)), VALUE(B56)) -> 1062.24
A57: Tiền Giang | B57: 1.100.47 | C57: =VLOOKUP("*"&TRIM(A57)&"*", 'Sát nhập tỉnh'!A:B, 2, 0) -> Đồng Tháp | D57: =IF(LEN(B57)-LEN(SUBSTITUTE(B57, ".", "")) > 1, VALUE(SUBSTITUTE(B57, ".", "", 1)), VALUE(B57)) -> 1100.47
A58: Đắk Lắk | B58: 1.159.52 | C58: =VLOOKUP("*"&TRIM(A58)&"*", 'Sát nhập tỉnh'!A:B, 2, 0) -> Đắk Lắk | D58: =IF(LEN(B58)-LEN(SUBSTITUTE(B58, ".", "")) > 1, VALUE(SUBSTITUTE(B58, ".", "", 1)), VALUE(B58)) -> 1159.52
A59: Nghệ An | B59: 1.634.25 | C59: =VLOOKUP("*"&TRIM(A59)&"*", 'Sát nhập tỉnh'!A:B, 2, 0) -> Nghệ An | D59: =IF(LEN(B59)-LEN(SUBSTITUTE(B59, ".", "")) > 1, VALUE(SUBSTITUTE(B59, ".", "", 1)), VALUE(B59)) -> 1634.25
A60: Đồng Nai | B60: 1.899.69 | C60: =VLOOKUP("*"&TRIM(A60)&"*", 'Sát nhập tỉnh'!A:B, 2, 0) -> Đồng Nai | D60: =IF(LEN(B60)-LEN(SUBSTITUTE(B60, ".", "")) > 1, VALUE(SUBSTITUTE(B60, ".", "", 1)), VALUE(B60)) -> 1899.69
A61: Thanh Hóa | B61: 1.986.94 | C61: =VLOOKUP("*"&TRIM(A61)&"*", 'Sát nhập tỉnh'!A:B, 2, 0) -> Thanh Hóa | D61: =IF(LEN(B61)-LEN(SUBSTITUTE(B61, ".", "")) > 1, VALUE(SUBSTITUTE(B61, ".", "", 1)), VALUE(B61)) -> 1986.94
A62: Bình Dương | B62: 2.019.36 | C62: =VLOOKUP("*"&TRIM(A62)&"*", 'Sát nhập tỉnh'!A:B, 2, 0) -> TP. Hồ Chí Minh | D62: =IF(LEN(B62)-LEN(SUBSTITUTE(B62, ".", "")) > 1, VALUE(SUBSTITUTE(B62, ".", "", 1)), VALUE(B62)) -> 2019.36
A63: Hà Nội | B63: 4.259.15 | C63: =VLOOKUP("*"&TRIM(A63)&"*", 'Sát nhập tỉnh'!A:B, 2, 0) -> TP. Hà Nội | D63: =IF(LEN(B63)-LEN(SUBSTITUTE(B63, ".", "")) > 1, VALUE(SUBSTITUTE(B63, ".", "", 1)), VALUE(B63)) -> 4259.15
A64: TP.Hồ Chí Minh | B64: 5.029.17 | C64: =VLOOKUP("*"&TRIM(A64)&"*", 'Sát nhập tỉnh'!A:B, 2, 0) -> TP. Hồ Chí Minh | D64: =IF(LEN(B64)-LEN(SUBSTITUTE(B64, ".", "")) > 1, VALUE(SUBSTITUTE(B64, ".", "", 1)), VALUE(B64)) -> 5029.17
